{
    "timestamp_exact": "2026-06-30 20:19:15",
    "algorithm": "ridge",
    "training_time_seconds": 0.01,
    "metrics": {
        "RMSE": 934.8505580340361,
        "MAE": 680.2115217255295,
        "R2": 0.7770130511090251,
        "MAPE_percentage": 50.611218148567595,
        "Max_Error": 4040.644196766967
    },
    "hyperparameters": {
        "alpha": 7.483735659605766
    }
}